{"cameraMode":{"drawMode":0,"name":"Shaded","section":"Shading Mode"},"sceneLighting":false,"audioPlay":false,"sceneViewState":{"m_AlwaysRefresh":false,"showFog":true,"showSkybox":false,"showFlares":true,"showImageEffects":true,"showParticleSystems":true,"showVisualEffectGraphs":true,"m_FxEnabled":true},"in2DMode":false,"pivot":{"x":-0.004749298095703125,"y":4.655776023864746,"z":-0.19602429866790772},"rotation":{"x":-0.18672986328601838,"y":0.2653299868106842,"z":-0.05675223469734192,"w":-0.9449997544288635},"size":6.8512115478515629,"orthographic":false}