{"cameraMode":{"drawMode":0,"name":"Shaded","section":"Shading Mode"},"sceneLighting":true,"audioPlay":false,"sceneViewState":{"m_AlwaysRefresh":false,"showFog":true,"showSkybox":false,"showFlares":true,"showImageEffects":true,"showParticleSystems":true,"showVisualEffectGraphs":true,"m_FxEnabled":true},"in2DMode":false,"pivot":{"x":470.1687316894531,"y":12.948467254638672,"z":855.8135986328125},"rotation":{"x":-0.015606485307216645,"y":-0.9847909212112427,"z":0.15106439590454102,"w":-0.1011439636349678},"size":0.019376516342163087,"orthographic":false}